{
  "Name": "C-Data Tec CPE-WiFi default password",
  "Description": "CPE-WiFi devices has a default password. Attackers can log in throung adminisp:adminisp,check the system status,and configurate the device.",
  "Product": "CPE-WiFi ",
  "Homepage": "https://cdatatec.com.cn/",
  "DisclosureDate": "2021-05-27",
  "Author": "gonosecto@protonmail.com",
  "GobyQuery": "title=\"Wi-Fi Web管理\"",
  "Level": "2",
  "Impact": "<p>Attackers can log in throung adminisp:adminisp,check the system status,and configurate the device.<span style=\"color: rgb(255, 255, 255); font-size: 14px;\">body</span><br></p>",
  "Recommendation": "<p>Modify the default password of the device<br></p>",
  "References": [
    "https://gobies.org/"
  ],
  "HasExp": true,
  "ExpParams": [],
  "ExpTips": {
    "Type": "",
    "Content": ""
  },
  "ScanSteps": [
    "AND"
  ],
  "ExploitSteps": null,
  "Tags": [],
  "CVEIDs": null,
  "CVSSScore": "0.0",
  "AttackSurfaces": {
    "Application": null,
    "Support": null,
    "Service": null,
    "System": null,
    "Hardware": null
  }
}