{
      "Name": "Consul Rexec RCE",
      "Level": "3",
      "Tags": [
            "rce"
      ],
      "GobyQuery": "protocol=\"consul(http)\"",
      "Description": "Consul is the control plane of the service mesh. Consul is a multi-networking tool that offers a fully-featured service mesh solution that solves the networking and security challenges of operating microservices and cloud infrastructure.",
      "Product": "Consul",
      "Homepage": "https://www.consul.io/",
      "Author": "",
      "Impact": "Under a specific configuration, a malicious attacker can remotely execute commands on the Consul server without authorization by sending a carefully constructed HTTP request.",
      "Recommendation": "",
      "References": [
            "https://www.exploit-db.com/exploits/46073"
      ],
      "HasExp": true,
      "ExpParams": null,
      "ExpTips": {
            "Type": "",
            "Content": ""
      },
      "ScanSteps": [
            "AND",
            {
                  "Request": {
                        "method": "GET",
                        "uri": "/v1/agent/self",
                        "follow_redirect": false,
                        "header": null,
                        "data_type": "text",
                        "data": "",
                        "set_variable": []
                  },
                  "ResponseTest": {
                        "type": "group",
                        "operation": "AND",
                        "checks": [
                              {
                                    "type": "item",
                                    "variable": "$code",
                                    "operation": "==",
                                    "value": "200",
                                    "bz": ""
                              },
                              {
                                    "type": "item",
                                    "variable": "$body",
                                    "operation": "contains",
                                    "value": "\"DisableRemoteExec\":false",
                                    "bz": ""
                              }
                        ]
                  },
                  "SetVariable": [
                        "output|lastbody|regex|"
                  ]
            }
      ],
      "ExploitSteps": [
            "AND",
            {
                  "Request": {
                        "method": "GET",
                        "uri": "/test.php",
                        "follow_redirect": true,
                        "header": null,
                        "data_type": "text",
                        "data": "",
                        "set_variable": []
                  },
                  "ResponseTest": {
                        "type": "group",
                        "operation": "AND",
                        "checks": [
                              {
                                    "type": "item",
                                    "variable": "$code",
                                    "operation": "==",
                                    "value": "200",
                                    "bz": ""
                              },
                              {
                                    "type": "item",
                                    "variable": "$body",
                                    "operation": "contains",
                                    "value": "test",
                                    "bz": ""
                              }
                        ]
                  },
                  "SetVariable": [
                        "output|lastbody|regex|"
                  ]
            }
      ],
      "PostTime": "0000-00-00 00:00:00",
      "GobyVersion": "0.0.0"
}