{
      "Name": "Docker Registry API Unauth",
      "Level": "1",
      "Tags": [
            "unauth"
      ],
      "GobyQuery": "header=\"registry/2.0\"",
      "Description": "Docker is a set of platform as a service products that use OS-level virtualization to deliver software in packages called containers.",
      "Product": "Docker Registry",
      "Homepage": "https://docs.docker.com/registry/",
      "Author": "",
      "Impact": "There is an unauthorized access vulnerability in the Docker Registry API. Docker images can be downloaded through the API, resulting in the disclosure of sensitive information.",
      "Recommendation": "",
      "References": [
            "https://www.freeaihub.com/post/6085.html"
      ],
      "HasExp": true,
      "ExpParams": null,
      "ExpTips": {
            "Type": "",
            "Content": ""
      },
      "ScanSteps": [
            "AND",
            {
                  "Request": {
                        "method": "GET",
                        "uri": "/v2/",
                        "follow_redirect": false,
                        "header": null,
                        "data_type": "text",
                        "data": "",
                        "set_variable": []
                  },
                  "ResponseTest": {
                        "type": "group",
                        "operation": "AND",
                        "checks": [
                              {
                                    "type": "item",
                                    "variable": "$code",
                                    "operation": "==",
                                    "value": "200",
                                    "bz": ""
                              },
                              {
                                    "type": "item",
                                    "variable": "$head",
                                    "operation": "contains",
                                    "value": "docker-distribution-api-version",
                                    "bz": ""
                              },
                              {
                                    "type": "item",
                                    "variable": "$head",
                                    "operation": "contains",
                                    "value": "registry/2.0",
                                    "bz": ""
                              }
                        ]
                  },
                  "SetVariable": [
                        "output|lastbody|regex|"
                  ]
            },
            {
                  "Request": {
                        "method": "GET",
                        "uri": "/v2/_catalog",
                        "follow_redirect": true,
                        "header": null,
                        "data_type": "text",
                        "data": "",
                        "set_variable": []
                  },
                  "ResponseTest": {
                        "type": "group",
                        "operation": "AND",
                        "checks": [
                              {
                                    "type": "item",
                                    "variable": "$code",
                                    "operation": "==",
                                    "value": "200",
                                    "bz": ""
                              },
                              {
                                    "type": "item",
                                    "variable": "$body",
                                    "operation": "contains",
                                    "value": "repositories",
                                    "bz": ""
                              }
                        ]
                  },
                  "SetVariable": [
                        "output|lastbody|regex|"
                  ]
            }
      ],
      "ExploitSteps": [
            "AND",
            {
                  "Request": {
                        "method": "GET",
                        "uri": "/test.php",
                        "follow_redirect": true,
                        "header": null,
                        "data_type": "text",
                        "data": "",
                        "set_variable": []
                  },
                  "ResponseTest": {
                        "type": "group",
                        "operation": "AND",
                        "checks": [
                              {
                                    "type": "item",
                                    "variable": "$code",
                                    "operation": "==",
                                    "value": "200",
                                    "bz": ""
                              },
                              {
                                    "type": "item",
                                    "variable": "$body",
                                    "operation": "contains",
                                    "value": "test",
                                    "bz": ""
                              }
                        ]
                  },
                  "SetVariable": [
                        "output|lastbody|regex|"
                  ]
            }
      ],
      "PostTime": "0000-00-00 00:00:00",
      "GobyVersion": "0.0.0"
}