{
      "Name": "F5 BIG-IP iControl REST API auth bypass CVE-2022-1388",
      "Level": "3",
      "Tags": [
            "bypass"
      ],
      "GobyQuery": "app=\"f5-bigip\" || product=\"F5-BIGIP\"",
      "Description": "BIG-IP software products are licensed modules that run on top of F5's Traffic Management Operation System® (TMOS). This custom operating system is an event driven operating system designed specifically to inspect network and application traffic and make real-time decisions based on the configurations you provide.",
      "Product": "F5 Big-IP",
      "Homepage": "https://www.f5.com/",
      "Author": "",
      "Impact": "On F5 BIG-IP 16.1.x versions prior to 16.1.2.2, 15.1.x versions prior to 15.1.5.1, 14.1.x versions prior to 14.1.4.6, 13.1.x versions prior to 13.1.5, and all 12.1.x and 11.6.x versions, undisclosed requests may bypass iControl REST authentication. Note: Software versions which have reached End of Technical Support (EoTS) are not evaluated.",
      "Recommendation": "https://support.f5.com/csp/article/K23605346",
      "References": [
            "https://support.f5.com/csp/article/K23605346",
            "https://nvd.nist.gov/vuln/detail/CVE-2022-1388",
            "https://twitter.com/1ZRR4H/status/1522150111429726209"
      ],
      "HasExp": false,
      "ExpParams": null,
      "ExpTips": {
            "Type": "",
            "Content": ""
      },
      "ScanSteps": [
            "AND",
            {
                  "Request": {
                        "method": "GET",
                        "uri": "/mgmt/shared/authn/login",
                        "follow_redirect": true,
                        "header": {
                              "User-Agent": "Mozilla/5.0 (Windows NT 10.0; Win64; x64) AppleWebKit/537.36 (KHTML, like Gecko) Chrome/97.0.4692.71 Safari/537.36"
                        },
                        "data_type": "text",
                        "data": "",
                        "set_variable": []
                  },
                  "ResponseTest": {
                        "type": "group",
                        "operation": "AND",
                        "checks": [
                              {
                                    "type": "item",
                                    "variable": "$code",
                                    "operation": "==",
                                    "value": "200",
                                    "bz": ""
                              },
                              {
                                    "type": "item",
                                    "variable": "$body",
                                    "operation": "contains",
                                    "value": "resterrorresponse",
                                    "bz": ""
                              },
                              {
                                    "type": "item",
                                    "variable": "$body",
                                    "operation": "contains",
                                    "value": "Authorization failed",
                                    "bz": ""
                              }
                        ]
                  },
                  "SetVariable": []
            }
      ],
      "PostTime": "0000-00-00 00:00:00",
      "GobyVersion": "0.0.0"
}