{
  "Name": "H3C SecPath Operation Login bypass",
  "Description": "H3C SecPath Operation Login bypass",
  "Product": "H3C SecPath",
  "Homepage": "https://www.h3c.com.cn",
  "DisclosureDate": "2021-05-18",
  "Author": "PeiQi",
  "GobyQuery": "app=\"H3C-SecPath-Operation-and-maintenance-audit-system\"",
  "Level": "1",
  "Impact": "Login bypass",
  "Recommendation": "",
  "References": [
    "http://wiki.peiqi.tech"
  ],
  "HasExp": false,
  "ExpParams": null,
  "ScanSteps": [
    "AND",
    {
      "Request": {
        "data": "",
        "data_type": "text",
        "follow_redirect": true,
        "method": "GET",
        "uri": "/"
      },
      "ResponseTest": {
        "checks": [
          {
            "bz": "",
            "operation": "==",
            "type": "item",
            "value": "200",
            "variable": "$code"
          }
        ],
        "operation": "AND",
        "type": "group"
      }
    }
  ],
  "ExploitSteps": null,
  "Tags": ["RCE"],
  "CVEIDs": null,
  "CVSSScore": "0.0",
  "AttackSurfaces": {
    "Application": ["H3C IMC"],
    "Support": null,
    "Service": null,
    "System": null,
    "Hardware": null
  }
}